{
  "values": {
    "s0_strict": {
      "numerator": 14165510876065179,
      "denominator": 1000000000000000,
      "decimal": "14.165510876065178891280993411783128977"
    },
    "c_envelope_base": {
      "numerator": 953912274983728430839167082038457085646415477851231961429785154422611923885916980000000000000000000000000000000000000000000000000000000000000000000000000000000000000000000000000000000,
      "denominator": 20226271460306719108031147710864580907931013026552735047300375463198569555737927637683771569520214636419811187384625348386663794123212733741237355261052179566548709569270021285472196617,
      "decimal": "0.047162042537387309504293142481401446"
    },
    "c_envelope_closed": {
      "numerator": 47695613749186421541958354101922854282320773892561598071489257721130596194295849,
      "denominator": 1000000000000000000000000000000000000000000000000000000000000000000000000000000000,
      "decimal": "0.047695613749186419050296592558879638"
    },
    "epsilon_phi": {
      "numerator": 111255980058196443,
      "denominator": 20000000000000000000,
      "decimal": "0.005562799002909821904916398693785595"
    },
    "epsilon_L": {
      "numerator": 41654961003773879753741175056097974374524870111097352030060763648105601078312837,
      "denominator": 100000000000000000000000000000000000000000000000000000000000000000000000000000000000,
      "decimal": "0.000416549610037738801942425181934482"
    },
    "epsilon_kappa": {
      "numerator": 53002031765866498085471694670766648110923926688795026729757526624435371004179887,
      "denominator": 10000000000000000000000000000000000000000000000000000000000000000000000000000000000,
      "decimal": "0.005300203176586649675416929028415325"
    },
    "inflation_factor": {
      "numerator": 20226271460306719108031147710864580907931013026552735047300375463198569555737927637683771569520214636419811187384625348386663794123212733741237355261052179566548709569270021285472196617,
      "denominator": 20000000000000000000000000000000000000000000000000000000000000000000000000000000000000000000000000000000000000000000000000000000000000000000000000000000000000000000000000000000000000000,
      "decimal": "1.011313573015335975924244849011301994"
    },
    "inflation_factor_reported": {
      "numerator": 5056567865076679777007786927716145226982753256638183761825093865799642388934483,
      "denominator": 5000000000000000000000000000000000000000000000000000000000000000000000000000000,
      "decimal": "1.011313573015335975924244849011301994"
    }
  },
  "sources": {
    "bridge_closed": "C:\\dev\\RH_demo_clean\\data\\releases\\erurh-v2-core\\formal\\bridge_closed.json",
    "formal_report_strict": "C:\\dev\\RH_demo_clean\\data\\releases\\erurh-v2-core\\formal\\formal_report_strict.json",
    "constants_global": "C:\\dev\\RH_demo_clean\\data\\releases\\erurh-v2-core\\constants_global.json"
  }
}