{
  "L_upper": 0.17505486808913934,
  "L_global": 0.17505469303444632,
  "cover_ok": true,
  "kappa_est": 8.936762500130309,
  "kappa_low": 8.168110882635824,
  "kappa_high": 9.383600625136824,
  "phi_core_mean": 0.00017118536126806426,
  "phi_core_max": 0.00028554532140703315,
  "phi_holdouts_max": 0.004277253681502789,
  "C_envelope": 0.04716204253738731,
  "notes": "fuentes: renorm_bounds.json, alpha_cover_report.json, energy_constant.json, phi_holdouts.csv; tol=0.05, step=0.01"
}